mysql> SELECT * FROM category;
+-------------+--------------------+
| category_id | categoryName       |
+-------------+--------------------+
|           1 | Electronic Devices |
+-------------+--------------------+
1 row in set (0.00 sec)

mysql> SELECT * FROM product;
+----------------------+------------+-------------+
| category_category_id | product_id | productName |
+----------------------+------------+-------------+
|                    1 |        101 | Phone       |
|                    1 |        102 | Tablet      |
|                    1 |        103 | Laptop      |
+----------------------+------------+-------------+
3 rows in set (0.00 sec)